id,problem_id,attempted_at,is_correct
a7993000-d0a3-4c4c-a42c-cabd99ff06dc,209555c7-642a-46d9-8de6-f27577d3a9f2,2025-09-23T14:10:24.351351,False
94188cda-86d5-4599-a1cc-6169db94b429,b0f6f244-aa8b-454f-9dba-7e26caf29c1b,2025-09-23T14:10:24.352106,True
453af432-0756-4387-83d1-e85af4f49aa9,9a573e9b-fa79-49e6-ac66-ad4a41507c36,2025-09-23T14:10:24.353048,True
bb385a82-e44c-434a-a23b-7250b46740c2,209555c7-642a-46d9-8de6-f27577d3a9f2,2025-09-23T16:42:52.658677,True
b0cd52ac-7834-4ee7-8a41-4c0303460e82,b0f6f244-aa8b-454f-9dba-7e26caf29c1b,2025-09-23T16:42:52.679686,True
62937aef-77ff-4085-bde2-d10c7308e77c,9a573e9b-fa79-49e6-ac66-ad4a41507c36,2025-09-23T16:42:52.696861,True
d19d046c-2c8e-4e92-bf41-28b9ccc6f3f0,209555c7-642a-46d9-8de6-f27577d3a9f2,2025-09-23T16:49:35.203468,True
da535da3-3faa-41a7-8aaa-cbdd10ef9bbb,b0f6f244-aa8b-454f-9dba-7e26caf29c1b,2025-09-23T16:49:35.219495,True
73c3fb65-7966-41f5-95bb-458df2b2d03c,9a573e9b-fa79-49e6-ac66-ad4a41507c36,2025-09-23T16:49:35.231541,True
edbcda21-e6c2-41cb-b8bc-5fa121181570,209555c7-642a-46d9-8de6-f27577d3a9f2,2025-09-23T17:25:58.092163,False
f5e0ff75-1b21-45b4-a2e8-1c25cd989d33,b0f6f244-aa8b-454f-9dba-7e26caf29c1b,2025-09-23T17:25:58.095483,False
104c43f0-1e08-4337-9384-3a829233c8bc,9a573e9b-fa79-49e6-ac66-ad4a41507c36,2025-09-23T17:25:58.125977,False
78b61f18-1949-498c-9430-6c19259990b2,1ce5aab6-6672-4016-96d8-9ec372893bde,2025-09-23T17:25:58.150235,False
dbbb420d-fb04-4760-9834-54838256dbfd,1bca39f7-494c-4be7-b97e-927b02f77540,2025-09-23T17:25:58.170416,False
bfaecea1-7b8f-4bf0-b64a-4cc21ebebb7f,209555c7-642a-46d9-8de6-f27577d3a9f2,2025-09-23T20:50:37.259651,False
57b34523-4339-481b-8289-01073c143f19,b0f6f244-aa8b-454f-9dba-7e26caf29c1b,2025-09-23T20:50:37.267308,True
1debb406-ce54-4342-9117-7202a5081c4d,9a573e9b-fa79-49e6-ac66-ad4a41507c36,2025-09-23T20:50:37.297683,True
6032a11b-e00e-4e29-87cf-f39d4e3fc81d,1ce5aab6-6672-4016-96d8-9ec372893bde,2025-09-23T20:50:37.315847,True
0a6301b7-0f7e-449c-a1f2-a5e91f929f27,1bca39f7-494c-4be7-b97e-927b02f77540,2025-09-23T20:50:37.340638,True
25f9638d-37d6-435e-9789-84a09185e5b2,209555c7-642a-46d9-8de6-f27577d3a9f2,2025-09-28T10:31:16.593836,True
b6695245-26bd-4c5d-a354-3db0792ab0cf,0da848f7-5b59-41da-b8e3-6e595aab905c,2025-09-28T10:31:16.602940,True
823ed654-a1ad-48bf-886b-03531b77190c,48edf6a7-c8d0-436b-a0de-a4e2def9b464,2025-09-28T10:31:16.636709,True
07b7be11-b4db-4f41-b76d-15dc207c03a0,8edf5bca-e07c-4a24-8b78-aacb120f6506,2025-09-28T10:31:16.675175,False
062c20e0-3209-443a-9ccd-bc3bfa375758,26219bf3-3781-45aa-872b-4c14b9ed9014,2025-09-28T10:31:16.705089,True
7e606042-d711-4053-8c8d-b30913168a49,8350bde8-08f8-44d8-96a2-c8f295921520,2025-09-28T10:31:16.737714,True
09c206da-cb8d-4bae-b3c8-e6a73c788c82,1a6f7804-5e80-405e-8f03-f0776be6bf0e,2025-09-28T10:31:16.768761,False
b547ffea-fc57-4334-8306-20235676de39,c2271d5b-8f67-4467-b179-9be11656bc95,2025-09-28T10:31:16.802933,False
8a843b25-4760-4ba9-941a-84046ff189f7,f41067cf-acfa-46e5-8429-acdec5cb3880,2025-09-28T10:31:16.834317,True
23e0a5dc-ace2-4bb7-8989-5ac01a6a0730,7814e1a7-e430-4039-bc75-02380115c928,2025-09-28T10:31:16.868016,False
